Point 1,Point 2,Value
29.872270358058024,26.49412792626394,0.0213903743315508
35.17922138410418,39.060619608979444,0.0089126559714795
