Point 1,Point 2,Value
33.21863700688903,35.04299176357551,1.6215772902655229e-06
43.77224555030643,33.04800656205751,1.6215772902655229e-06
24.149896198657295,38.62322509993845,5.631776376900424e-07
69.3858131204505,29.966788540594592,7.890397050982178e-07
29.872270358058024,26.49412792626394,0.6911318555875924
35.17922138410418,39.060619608979444,0.26828364469645316
54.30141386472322,32.56479953626103,1.305731538690176e-07
