Point 1,Point 2,Value
33.21863700688903,35.04299176357551,0.037037037037037035
43.77224555030643,33.04800656205751,0.037037037037037035
24.149896198657295,38.62322509993845,0.037037037037037035
69.3858131204505,29.966788540594592,0.037037037037037035
29.872270358058024,26.49412792626394,0.2222222222222222
35.17922138410418,39.060619608979444,0.07407407407407407
54.30141386472322,32.56479953626103,0.037037037037037035
