Point 1,Point 2,Value
33.21863700688903,35.04299176357551,1.3620684712245429e-06
43.77224555030643,33.04800656205751,1.3620684712245429e-06
24.149896198657295,38.62322509993845,4.166694104409909e-07
69.3858131204505,29.966788540594592,6.07882287217211e-07
29.872270358058024,26.49412792626394,0.6830612915249431
54.30141386472322,32.56479953626103,8.106345869856261e-08
35.17922138410418,39.060619608979444,1.6833658502759644e-05
