Point 1,Point 2,Value
33.21863700688903,35.04299176357551,0.0
29.872270358058024,26.49412792626394,0.016651248843663275
43.77224555030643,33.04800656205751,0.0
24.149896198657295,38.62322509993845,0.0
69.3858131204505,29.966788540594592,0.0
35.88806082934152,33.920391615444125,0.0
54.30141386472322,32.56479953626103,0.0
35.17922138410418,39.060619608979444,0.005550416281221092
