Point 1,Point 2,Value
33.21863700688903,35.04299176357551,0.4226443559058035
29.872270358058024,26.49412792626394,0.6275321915126479
43.77224555030643,33.04800656205751,0.24354614360487972
24.149896198657295,38.62322509993845,0.17672490437270622
69.3858131204505,29.966788540594592,0.2535225377792497
35.88806082934152,33.920391615444125,0.2356487688545031
35.17922138410418,39.060619608979444,0.46607366551811086
