Point 1,Point 2,Value
43.77224555030643,33.04800656205751,3.662
29.872270358058024,26.49412792626394,3.208
54.30141386472322,32.56479953626103,2.681
35.17922138410418,39.060619608979444,2.663
33.21863700688903,35.04299176357551,3.189
24.149896198657295,38.62322509993845,2.662
