Point 1,Point 2,Value
33.21863700688903,35.04299176357551,4.814
29.872270358058024,26.49412792626394,4.876
43.77224555030643,33.04800656205751,4.745000000000001
24.149896198657295,38.62322509993845,4.775
69.3858131204505,29.966788540594592,4.841000000000001
35.88806082934152,33.920391615444125,4.720000000000001
54.30141386472322,32.56479953626103,4.704000000000001
35.17922138410418,39.060619608979444,4.7410000000000005
