File 1,File 2,MSE,SSE
2.jpg,1.jpg,1755.363093276203,0.20555876350998376
1.jpg,3.jpg,0.0,1.0
3.jpg,1.jpg,0.0,1.0
3.jpg,2.jpg,1755.363093276203,0.20555876350998376
2.jpg,3.jpg,1755.363093276203,0.20555876350998376
1.jpg,2.jpg,1755.363093276203,0.20555876350998376
