Point 1,Point 2,Value
33.21863700688903,35.04299176357551,3.8170000000000006
29.872270358058024,26.49412792626394,3.7800000000000002
35.88806082934152,33.920391615444125,3.72
54.30141386472322,32.56479953626103,3.686
43.77224555030643,33.04800656205751,3.705
35.17922138410418,39.060619608979444,3.093
24.149896198657295,38.62322509993845,3.755
