Point 1,Point 2,Value
33.21863700688903,35.04299176357551,1.5645389427514135e-06
35.88806082934152,33.920391615444125,1.5645389427514135e-06
29.872270358058024,26.49412792626394,0.6855858319283646
54.30141386472322,32.56479953626103,0.2598038521604575
43.77224555030643,33.04800656205751,2.6350756690852083e-06
24.149896198657295,38.62322509993845,2.0330926914172018e-06
35.17922138410418,39.060619608979444,1.8434329635389466e-06
