Point 1,Point 2,Value
29.872270358058024,26.49412792626394,2.858
24.149896198657295,38.62322509993845,1.25
35.88806082934152,33.920391615444125,1.168
43.77224555030643,33.04800656205751,1.174
54.30141386472322,32.56479953626103,1.1480000000000001
